{
  "fio version" : "fio-3.41",
  "timestamp" : 1782201193,
  "timestamp_ms" : 1782201193610,
  "time" : "Tue Jun 23 15:53:13 2026",
  "jobs" : [
    {
      "jobname" : "seq_read_128k_nvme2n1",
      "groupid" : 0,
      "job_start" : 1782201173465,
      "error" : 0,
      "eta" : 0,
      "elapsed" : 21,
      "job options" : {
        "name" : "seq_read_128k_nvme2n1",
        "filename" : "/dev/nvme2n1",
        "direct" : "1",
        "ioengine" : "libaio",
        "iodepth" : "32",
        "rw" : "read",
        "bs" : "128k",
        "size" : "2G",
        "runtime" : "20",
        "time_based" : ""
      },
      "read" : {
        "io_bytes" : 48213393408,
        "io_kbytes" : 47083392,
        "bw_bytes" : 2410428627,
        "bw" : 2353934,
        "iops" : 18390.110989,
        "runtime" : 20002,
        "total_ios" : 367839,
        "short_ios" : 0,
        "drop_ios" : 0,
        "slat_ns" : {
          "min" : 9315,
          "max" : 113679,
          "mean" : 10653.229513,
          "stddev" : 1224.658629,
          "N" : 367839
        },
        "clat_ns" : {
          "min" : 70853,
          "max" : 4080646,
          "mean" : 1729108.896833,
          "stddev" : 357868.510734,
          "N" : 367839,
          "percentile" : {
            "1.000000" : 798720,
            "5.000000" : 1220608,
            "10.000000" : 1368064,
            "20.000000" : 1499136,
            "30.000000" : 1581056,
            "40.000000" : 1646592,
            "50.000000" : 1695744,
            "60.000000" : 1744896,
            "70.000000" : 1826816,
            "80.000000" : 1957888,
            "90.000000" : 2146304,
            "95.000000" : 2342912,
            "99.000000" : 2899968,
            "99.500000" : 3162112,
            "99.900000" : 3457024,
            "99.950000" : 3555328,
            "99.990000" : 3784704
          }
        },
        "lat_ns" : {
          "min" : 81109,
          "max" : 4091513,
          "mean" : 1739762.126346,
          "stddev" : 357824.233188,
          "N" : 367839
        },
        "bw_min" : 2281728,
        "bw_max" : 2401024,
        "bw_agg" : 100.000000,
        "bw_mean" : 2354169.600000,
        "bw_dev" : 30417.297708,
        "bw_samples" : 40,
        "iops_min" : 17826,
        "iops_max" : 18758,
        "iops_mean" : 18391.950000,
        "iops_stddev" : 237.635138,
        "iops_samples" : 40
      },
      "write" : {
        "io_bytes" : 0,
        "io_kbytes" : 0,
        "bw_bytes" : 0,
        "bw" : 0,
        "iops" : 0.000000,
        "runtime" : 0,
        "total_ios" : 0,
        "short_ios" : 0,
        "drop_ios" : 0,
        "slat_ns" : {
          "min" : 0,
          "max" : 0,
          "mean" : 0.000000,
          "stddev" : 0.000000,
          "N" : 0
        },
        "clat_ns" : {
          "min" : 0,
          "max" : 0,
          "mean" : 0.000000,
          "stddev" : 0.000000,
          "N" : 0
        },
        "lat_ns" : {
          "min" : 0,
          "max" : 0,
          "mean" : 0.000000,
          "stddev" : 0.000000,
          "N" : 0
        },
        "bw_min" : 0,
        "bw_max" : 0,
        "bw_agg" : 0.000000,
        "bw_mean" : 0.000000,
        "bw_dev" : 0.000000,
        "bw_samples" : 0,
        "iops_min" : 0,
        "iops_max" : 0,
        "iops_mean" : 0.000000,
        "iops_stddev" : 0.000000,
        "iops_samples" : 0
      },
      "trim" : {
        "io_bytes" : 0,
        "io_kbytes" : 0,
        "bw_bytes" : 0,
        "bw" : 0,
        "iops" : 0.000000,
        "runtime" : 0,
        "total_ios" : 0,
        "short_ios" : 0,
        "drop_ios" : 0,
        "slat_ns" : {
          "min" : 0,
          "max" : 0,
          "mean" : 0.000000,
          "stddev" : 0.000000,
          "N" : 0
        },
        "clat_ns" : {
          "min" : 0,
          "max" : 0,
          "mean" : 0.000000,
          "stddev" : 0.000000,
          "N" : 0
        },
        "lat_ns" : {
          "min" : 0,
          "max" : 0,
          "mean" : 0.000000,
          "stddev" : 0.000000,
          "N" : 0
        },
        "bw_min" : 0,
        "bw_max" : 0,
        "bw_agg" : 0.000000,
        "bw_mean" : 0.000000,
        "bw_dev" : 0.000000,
        "bw_samples" : 0,
        "iops_min" : 0,
        "iops_max" : 0,
        "iops_mean" : 0.000000,
        "iops_stddev" : 0.000000,
        "iops_samples" : 0
      },
      "sync" : {
        "total_ios" : 0,
        "lat_ns" : {
          "min" : 0,
          "max" : 0,
          "mean" : 0.000000,
          "stddev" : 0.000000,
          "N" : 0
        }
      },
      "job_runtime" : 20001,
      "usr_cpu" : 0.854957,
      "sys_cpu" : 21.918904,
      "ctx" : 305860,
      "majf" : 0,
      "minf" : 1036,
      "iodepth_level" : {
        "1" : 0.100000,
        "2" : 0.100000,
        "4" : 0.100000,
        "8" : 0.100000,
        "16" : 0.100000,
        "32" : 99.991572,
        ">=64" : 0.000000
      },
      "iodepth_submit" : {
        "0" : 0.000000,
        "4" : 100.000000,
        "8" : 0.000000,
        "16" : 0.000000,
        "32" : 0.000000,
        "64" : 0.000000,
        ">=64" : 0.000000
      },
      "iodepth_complete" : {
        "0" : 0.000000,
        "4" : 99.999728,
        "8" : 0.000000,
        "16" : 0.000000,
        "32" : 0.100000,
        "64" : 0.000000,
        ">=64" : 0.000000
      },
      "latency_ns" : {
        "2" : 0.000000,
        "4" : 0.000000,
        "10" : 0.000000,
        "20" : 0.000000,
        "50" : 0.000000,
        "100" : 0.000000,
        "250" : 0.000000,
        "500" : 0.000000,
        "750" : 0.000000,
        "1000" : 0.000000
      },
      "latency_us" : {
        "2" : 0.000000,
        "4" : 0.000000,
        "10" : 0.000000,
        "20" : 0.000000,
        "50" : 0.000000,
        "100" : 0.010602,
        "250" : 0.078839,
        "500" : 0.481732,
        "750" : 0.339551,
        "1000" : 0.720424
      },
      "latency_ms" : {
        "2" : 81.109398,
        "4" : 17.258638,
        "10" : 0.010000,
        "20" : 0.000000,
        "50" : 0.000000,
        "100" : 0.000000,
        "250" : 0.000000,
        "500" : 0.000000,
        "750" : 0.000000,
        "1000" : 0.000000,
        "2000" : 0.000000,
        ">=2000" : 0.000000
      },
      "latency_depth" : 32,
      "latency_target" : 0,
      "latency_percentile" : 100.000000,
      "latency_window" : 0
    }
  ],
  "disk_util" : [
    {
      "name" : "nvme2n1",
      "read_ios" : 365921,
      "write_ios" : 0,
      "read_sectors" : 93675776,
      "write_sectors" : 0,
      "read_merges" : 0,
      "write_merges" : 0,
      "read_ticks" : 634311,
      "write_ticks" : 0,
      "in_queue" : 634311,
      "util" : 99.549640
    }
  ]
}
