{
  "fio version" : "fio-3.41",
  "timestamp" : 1782201173,
  "timestamp_ms" : 1782201173201,
  "time" : "Tue Jun 23 15:52:53 2026",
  "jobs" : [
    {
      "jobname" : "rand_read_4k_nvme2n1",
      "groupid" : 0,
      "job_start" : 1782201153057,
      "error" : 0,
      "eta" : 0,
      "elapsed" : 21,
      "job options" : {
        "name" : "rand_read_4k_nvme2n1",
        "filename" : "/dev/nvme2n1",
        "direct" : "1",
        "ioengine" : "libaio",
        "iodepth" : "32",
        "rw" : "randread",
        "bs" : "4k",
        "size" : "2G",
        "runtime" : "20",
        "time_based" : ""
      },
      "read" : {
        "io_bytes" : 17004929024,
        "io_kbytes" : 16606376,
        "bw_bytes" : 850203941,
        "bw" : 830277,
        "iops" : 207569.321534,
        "runtime" : 20001,
        "total_ios" : 4151594,
        "short_ios" : 0,
        "drop_ios" : 0,
        "slat_ns" : {
          "min" : 673,
          "max" : 55105,
          "mean" : 1275.555449,
          "stddev" : 512.822956,
          "N" : 4151594
        },
        "clat_ns" : {
          "min" : 7328,
          "max" : 1043581,
          "mean" : 152694.692323,
          "stddev" : 61855.859232,
          "N" : 4151594,
          "percentile" : {
            "1.000000" : 19840,
            "5.000000" : 85504,
            "10.000000" : 96768,
            "20.000000" : 109056,
            "30.000000" : 117248,
            "40.000000" : 125440,
            "50.000000" : 136192,
            "60.000000" : 150528,
            "70.000000" : 168960,
            "80.000000" : 191488,
            "90.000000" : 232448,
            "95.000000" : 272384,
            "99.000000" : 362496,
            "99.500000" : 399360,
            "99.900000" : 481280,
            "99.950000" : 518144,
            "99.990000" : 602112
          }
        },
        "lat_ns" : {
          "min" : 10336,
          "max" : 1046306,
          "mean" : 153970.247771,
          "stddev" : 61849.847052,
          "N" : 4151594
        },
        "bw_min" : 738504,
        "bw_max" : 841712,
        "bw_agg" : 100.000000,
        "bw_mean" : 830318.800000,
        "bw_dev" : 24229.679282,
        "bw_samples" : 40,
        "iops_min" : 184626,
        "iops_max" : 210428,
        "iops_mean" : 207579.700000,
        "iops_stddev" : 6057.419821,
        "iops_samples" : 40
      },
      "write" : {
        "io_bytes" : 0,
        "io_kbytes" : 0,
        "bw_bytes" : 0,
        "bw" : 0,
        "iops" : 0.000000,
        "runtime" : 0,
        "total_ios" : 0,
        "short_ios" : 0,
        "drop_ios" : 0,
        "slat_ns" : {
          "min" : 0,
          "max" : 0,
          "mean" : 0.000000,
          "stddev" : 0.000000,
          "N" : 0
        },
        "clat_ns" : {
          "min" : 0,
          "max" : 0,
          "mean" : 0.000000,
          "stddev" : 0.000000,
          "N" : 0
        },
        "lat_ns" : {
          "min" : 0,
          "max" : 0,
          "mean" : 0.000000,
          "stddev" : 0.000000,
          "N" : 0
        },
        "bw_min" : 0,
        "bw_max" : 0,
        "bw_agg" : 0.000000,
        "bw_mean" : 0.000000,
        "bw_dev" : 0.000000,
        "bw_samples" : 0,
        "iops_min" : 0,
        "iops_max" : 0,
        "iops_mean" : 0.000000,
        "iops_stddev" : 0.000000,
        "iops_samples" : 0
      },
      "trim" : {
        "io_bytes" : 0,
        "io_kbytes" : 0,
        "bw_bytes" : 0,
        "bw" : 0,
        "iops" : 0.000000,
        "runtime" : 0,
        "total_ios" : 0,
        "short_ios" : 0,
        "drop_ios" : 0,
        "slat_ns" : {
          "min" : 0,
          "max" : 0,
          "mean" : 0.000000,
          "stddev" : 0.000000,
          "N" : 0
        },
        "clat_ns" : {
          "min" : 0,
          "max" : 0,
          "mean" : 0.000000,
          "stddev" : 0.000000,
          "N" : 0
        },
        "lat_ns" : {
          "min" : 0,
          "max" : 0,
          "mean" : 0.000000,
          "stddev" : 0.000000,
          "N" : 0
        },
        "bw_min" : 0,
        "bw_max" : 0,
        "bw_agg" : 0.000000,
        "bw_mean" : 0.000000,
        "bw_dev" : 0.000000,
        "bw_samples" : 0,
        "iops_min" : 0,
        "iops_max" : 0,
        "iops_mean" : 0.000000,
        "iops_stddev" : 0.000000,
        "iops_samples" : 0
      },
      "sync" : {
        "total_ios" : 0,
        "lat_ns" : {
          "min" : 0,
          "max" : 0,
          "mean" : 0.000000,
          "stddev" : 0.000000,
          "N" : 0
        }
      },
      "job_runtime" : 20000,
      "usr_cpu" : 10.270000,
      "sys_cpu" : 37.850000,
      "ctx" : 1999686,
      "majf" : 0,
      "minf" : 41,
      "iodepth_level" : {
        "1" : 0.100000,
        "2" : 0.100000,
        "4" : 0.100000,
        "8" : 0.100000,
        "16" : 0.100000,
        "32" : 99.999253,
        ">=64" : 0.000000
      },
      "iodepth_submit" : {
        "0" : 0.000000,
        "4" : 100.000000,
        "8" : 0.000000,
        "16" : 0.000000,
        "32" : 0.000000,
        "64" : 0.000000,
        ">=64" : 0.000000
      },
      "iodepth_complete" : {
        "0" : 0.000000,
        "4" : 99.999976,
        "8" : 0.000000,
        "16" : 0.000000,
        "32" : 0.100000,
        "64" : 0.000000,
        ">=64" : 0.000000
      },
      "latency_ns" : {
        "2" : 0.000000,
        "4" : 0.000000,
        "10" : 0.000000,
        "20" : 0.000000,
        "50" : 0.000000,
        "100" : 0.000000,
        "250" : 0.000000,
        "500" : 0.000000,
        "750" : 0.000000,
        "1000" : 0.000000
      },
      "latency_us" : {
        "2" : 0.000000,
        "4" : 0.000000,
        "10" : 0.010000,
        "20" : 1.013683,
        "50" : 0.437543,
        "100" : 10.037542,
        "250" : 80.997492,
        "500" : 7.442057,
        "750" : 0.068456,
        "1000" : 0.010000
      },
      "latency_ms" : {
        "2" : 0.010000,
        "4" : 0.000000,
        "10" : 0.000000,
        "20" : 0.000000,
        "50" : 0.000000,
        "100" : 0.000000,
        "250" : 0.000000,
        "500" : 0.000000,
        "750" : 0.000000,
        "1000" : 0.000000,
        "2000" : 0.000000,
        ">=2000" : 0.000000
      },
      "latency_depth" : 32,
      "latency_target" : 0,
      "latency_percentile" : 100.000000,
      "latency_window" : 0
    }
  ],
  "disk_util" : [
    {
      "name" : "nvme2n1",
      "read_ios" : 4129609,
      "write_ios" : 0,
      "read_sectors" : 33036872,
      "write_sectors" : 0,
      "read_merges" : 0,
      "write_merges" : 0,
      "read_ticks" : 623747,
      "write_ticks" : 0,
      "in_queue" : 623748,
      "util" : 99.549617
    }
  ]
}
