{
  "fio version" : "fio-3.41",
  "timestamp" : 1782201152,
  "timestamp_ms" : 1782201152794,
  "time" : "Tue Jun 23 15:52:32 2026",
  "jobs" : [
    {
      "jobname" : "seq_read_128k_nvme1n1",
      "groupid" : 0,
      "job_start" : 1782201132651,
      "error" : 0,
      "eta" : 0,
      "elapsed" : 21,
      "job options" : {
        "name" : "seq_read_128k_nvme1n1",
        "filename" : "/dev/nvme1n1",
        "direct" : "1",
        "ioengine" : "libaio",
        "iodepth" : "32",
        "rw" : "read",
        "bs" : "128k",
        "size" : "2G",
        "runtime" : "20",
        "time_based" : ""
      },
      "read" : {
        "io_bytes" : 40315518976,
        "io_kbytes" : 39370624,
        "bw_bytes" : 2014969960,
        "bw" : 1967744,
        "iops" : 15373.000800,
        "runtime" : 20008,
        "total_ios" : 307583,
        "short_ios" : 0,
        "drop_ios" : 0,
        "slat_ns" : {
          "min" : 9214,
          "max" : 105022,
          "mean" : 10693.336722,
          "stddev" : 1389.299076,
          "N" : 307583
        },
        "clat_ns" : {
          "min" : 29982,
          "max" : 63984109,
          "mean" : 2070557.569063,
          "stddev" : 4010258.660288,
          "N" : 307583,
          "percentile" : {
            "1.000000" : 136192,
            "5.000000" : 288768,
            "10.000000" : 321536,
            "20.000000" : 342016,
            "30.000000" : 370688,
            "40.000000" : 407552,
            "50.000000" : 477184,
            "60.000000" : 577536,
            "70.000000" : 856064,
            "80.000000" : 2768896,
            "90.000000" : 6324224,
            "95.000000" : 9502720,
            "99.000000" : 19529728,
            "99.500000" : 24510464,
            "99.900000" : 38010880,
            "99.950000" : 43778048,
            "99.990000" : 54788096
          }
        },
        "lat_ns" : {
          "min" : 40165,
          "max" : 63994412,
          "mean" : 2081250.905785,
          "stddev" : 4010296.523994,
          "N" : 307583
        },
        "bw_min" : 1186560,
        "bw_max" : 2580480,
        "bw_agg" : 100.000000,
        "bw_mean" : 1968531.200000,
        "bw_dev" : 319208.481999,
        "bw_samples" : 40,
        "iops_min" : 9270,
        "iops_max" : 20160,
        "iops_mean" : 15379.150000,
        "iops_stddev" : 2493.816266,
        "iops_samples" : 40
      },
      "write" : {
        "io_bytes" : 0,
        "io_kbytes" : 0,
        "bw_bytes" : 0,
        "bw" : 0,
        "iops" : 0.000000,
        "runtime" : 0,
        "total_ios" : 0,
        "short_ios" : 0,
        "drop_ios" : 0,
        "slat_ns" : {
          "min" : 0,
          "max" : 0,
          "mean" : 0.000000,
          "stddev" : 0.000000,
          "N" : 0
        },
        "clat_ns" : {
          "min" : 0,
          "max" : 0,
          "mean" : 0.000000,
          "stddev" : 0.000000,
          "N" : 0
        },
        "lat_ns" : {
          "min" : 0,
          "max" : 0,
          "mean" : 0.000000,
          "stddev" : 0.000000,
          "N" : 0
        },
        "bw_min" : 0,
        "bw_max" : 0,
        "bw_agg" : 0.000000,
        "bw_mean" : 0.000000,
        "bw_dev" : 0.000000,
        "bw_samples" : 0,
        "iops_min" : 0,
        "iops_max" : 0,
        "iops_mean" : 0.000000,
        "iops_stddev" : 0.000000,
        "iops_samples" : 0
      },
      "trim" : {
        "io_bytes" : 0,
        "io_kbytes" : 0,
        "bw_bytes" : 0,
        "bw" : 0,
        "iops" : 0.000000,
        "runtime" : 0,
        "total_ios" : 0,
        "short_ios" : 0,
        "drop_ios" : 0,
        "slat_ns" : {
          "min" : 0,
          "max" : 0,
          "mean" : 0.000000,
          "stddev" : 0.000000,
          "N" : 0
        },
        "clat_ns" : {
          "min" : 0,
          "max" : 0,
          "mean" : 0.000000,
          "stddev" : 0.000000,
          "N" : 0
        },
        "lat_ns" : {
          "min" : 0,
          "max" : 0,
          "mean" : 0.000000,
          "stddev" : 0.000000,
          "N" : 0
        },
        "bw_min" : 0,
        "bw_max" : 0,
        "bw_agg" : 0.000000,
        "bw_mean" : 0.000000,
        "bw_dev" : 0.000000,
        "bw_samples" : 0,
        "iops_min" : 0,
        "iops_max" : 0,
        "iops_mean" : 0.000000,
        "iops_stddev" : 0.000000,
        "iops_samples" : 0
      },
      "sync" : {
        "total_ios" : 0,
        "lat_ns" : {
          "min" : 0,
          "max" : 0,
          "mean" : 0.000000,
          "stddev" : 0.000000,
          "N" : 0
        }
      },
      "job_runtime" : 20007,
      "usr_cpu" : 0.699755,
      "sys_cpu" : 18.233618,
      "ctx" : 232637,
      "majf" : 0,
      "minf" : 1033,
      "iodepth_level" : {
        "1" : 0.100000,
        "2" : 0.100000,
        "4" : 0.100000,
        "8" : 0.100000,
        "16" : 0.100000,
        "32" : 99.989921,
        ">=64" : 0.000000
      },
      "iodepth_submit" : {
        "0" : 0.000000,
        "4" : 100.000000,
        "8" : 0.000000,
        "16" : 0.000000,
        "32" : 0.000000,
        "64" : 0.000000,
        ">=64" : 0.000000
      },
      "iodepth_complete" : {
        "0" : 0.000000,
        "4" : 99.999675,
        "8" : 0.000000,
        "16" : 0.000000,
        "32" : 0.100000,
        "64" : 0.000000,
        ">=64" : 0.000000
      },
      "latency_ns" : {
        "2" : 0.000000,
        "4" : 0.000000,
        "10" : 0.000000,
        "20" : 0.000000,
        "50" : 0.000000,
        "100" : 0.000000,
        "250" : 0.000000,
        "500" : 0.000000,
        "750" : 0.000000,
        "1000" : 0.000000
      },
      "latency_us" : {
        "2" : 0.000000,
        "4" : 0.000000,
        "10" : 0.000000,
        "20" : 0.000000,
        "50" : 0.252940,
        "100" : 0.441832,
        "250" : 3.102577,
        "500" : 48.957517,
        "750" : 14.909797,
        "1000" : 4.273968
      },
      "latency_ms" : {
        "2" : 5.298082,
        "4" : 6.901552,
        "10" : 11.303290,
        "20" : 3.651047,
        "50" : 0.886265,
        "100" : 0.021133,
        "250" : 0.000000,
        "500" : 0.000000,
        "750" : 0.000000,
        "1000" : 0.000000,
        "2000" : 0.000000,
        ">=2000" : 0.000000
      },
      "latency_depth" : 32,
      "latency_target" : 0,
      "latency_percentile" : 100.000000,
      "latency_window" : 0
    }
  ],
  "disk_util" : [
    {
      "name" : "nvme1n1",
      "read_ios" : 306026,
      "write_ios" : 0,
      "read_sectors" : 78342656,
      "write_sectors" : 0,
      "read_merges" : 0,
      "write_merges" : 0,
      "read_ticks" : 634550,
      "write_ticks" : 0,
      "in_queue" : 634550,
      "util" : 99.564543
    }
  ]
}
