{
  "fio version" : "fio-3.41",
  "timestamp" : 1782201091,
  "timestamp_ms" : 1782201091571,
  "time" : "Tue Jun 23 15:51:31 2026",
  "jobs" : [
    {
      "jobname" : "rand_read_4k_nvme0n1",
      "groupid" : 0,
      "job_start" : 1782201071423,
      "error" : 0,
      "eta" : 0,
      "elapsed" : 21,
      "job options" : {
        "name" : "rand_read_4k_nvme0n1",
        "filename" : "/dev/nvme0n1",
        "direct" : "1",
        "ioengine" : "libaio",
        "iodepth" : "32",
        "rw" : "randread",
        "bs" : "4k",
        "size" : "2G",
        "runtime" : "20",
        "time_based" : ""
      },
      "read" : {
        "io_bytes" : 23731064832,
        "io_kbytes" : 23174868,
        "bw_bytes" : 1186493916,
        "bw" : 1158685,
        "iops" : 289671.366432,
        "runtime" : 20001,
        "total_ios" : 5793717,
        "short_ios" : 0,
        "drop_ios" : 0,
        "slat_ns" : {
          "min" : 656,
          "max" : 146059,
          "mean" : 1007.391833,
          "stddev" : 816.894583,
          "N" : 5793717
        },
        "clat_ns" : {
          "min" : 10527,
          "max" : 4405748,
          "mean" : 109332.167672,
          "stddev" : 173846.978776,
          "N" : 5793717,
          "percentile" : {
            "1.000000" : 17024,
            "5.000000" : 23680,
            "10.000000" : 28544,
            "20.000000" : 39680,
            "30.000000" : 72192,
            "40.000000" : 78336,
            "50.000000" : 81408,
            "60.000000" : 83456,
            "70.000000" : 84480,
            "80.000000" : 86528,
            "90.000000" : 91648,
            "95.000000" : 782336,
            "99.000000" : 864256,
            "99.500000" : 880640,
            "99.900000" : 987136,
            "99.950000" : 1073152,
            "99.990000" : 1155072
          }
        },
        "lat_ns" : {
          "min" : 13186,
          "max" : 4406795,
          "mean" : 110339.559506,
          "stddev" : 173853.137274,
          "N" : 5793717
        },
        "bw_min" : 499832,
        "bw_max" : 1681224,
        "bw_agg" : 100.000000,
        "bw_mean" : 1158743.400000,
        "bw_dev" : 572505.572946,
        "bw_samples" : 40,
        "iops_min" : 124958,
        "iops_max" : 420306,
        "iops_mean" : 289685.800000,
        "iops_stddev" : 143126.350456,
        "iops_samples" : 40
      },
      "write" : {
        "io_bytes" : 0,
        "io_kbytes" : 0,
        "bw_bytes" : 0,
        "bw" : 0,
        "iops" : 0.000000,
        "runtime" : 0,
        "total_ios" : 0,
        "short_ios" : 0,
        "drop_ios" : 0,
        "slat_ns" : {
          "min" : 0,
          "max" : 0,
          "mean" : 0.000000,
          "stddev" : 0.000000,
          "N" : 0
        },
        "clat_ns" : {
          "min" : 0,
          "max" : 0,
          "mean" : 0.000000,
          "stddev" : 0.000000,
          "N" : 0
        },
        "lat_ns" : {
          "min" : 0,
          "max" : 0,
          "mean" : 0.000000,
          "stddev" : 0.000000,
          "N" : 0
        },
        "bw_min" : 0,
        "bw_max" : 0,
        "bw_agg" : 0.000000,
        "bw_mean" : 0.000000,
        "bw_dev" : 0.000000,
        "bw_samples" : 0,
        "iops_min" : 0,
        "iops_max" : 0,
        "iops_mean" : 0.000000,
        "iops_stddev" : 0.000000,
        "iops_samples" : 0
      },
      "trim" : {
        "io_bytes" : 0,
        "io_kbytes" : 0,
        "bw_bytes" : 0,
        "bw" : 0,
        "iops" : 0.000000,
        "runtime" : 0,
        "total_ios" : 0,
        "short_ios" : 0,
        "drop_ios" : 0,
        "slat_ns" : {
          "min" : 0,
          "max" : 0,
          "mean" : 0.000000,
          "stddev" : 0.000000,
          "N" : 0
        },
        "clat_ns" : {
          "min" : 0,
          "max" : 0,
          "mean" : 0.000000,
          "stddev" : 0.000000,
          "N" : 0
        },
        "lat_ns" : {
          "min" : 0,
          "max" : 0,
          "mean" : 0.000000,
          "stddev" : 0.000000,
          "N" : 0
        },
        "bw_min" : 0,
        "bw_max" : 0,
        "bw_agg" : 0.000000,
        "bw_mean" : 0.000000,
        "bw_dev" : 0.000000,
        "bw_samples" : 0,
        "iops_min" : 0,
        "iops_max" : 0,
        "iops_mean" : 0.000000,
        "iops_stddev" : 0.000000,
        "iops_samples" : 0
      },
      "sync" : {
        "total_ios" : 0,
        "lat_ns" : {
          "min" : 0,
          "max" : 0,
          "mean" : 0.000000,
          "stddev" : 0.000000,
          "N" : 0
        }
      },
      "job_runtime" : 20000,
      "usr_cpu" : 9.985000,
      "sys_cpu" : 42.490000,
      "ctx" : 670491,
      "majf" : 0,
      "minf" : 42,
      "iodepth_level" : {
        "1" : 0.100000,
        "2" : 0.100000,
        "4" : 0.100000,
        "8" : 0.100000,
        "16" : 0.100000,
        "32" : 99.999465,
        ">=64" : 0.000000
      },
      "iodepth_submit" : {
        "0" : 0.000000,
        "4" : 100.000000,
        "8" : 0.000000,
        "16" : 0.000000,
        "32" : 0.000000,
        "64" : 0.000000,
        ">=64" : 0.000000
      },
      "iodepth_complete" : {
        "0" : 0.000000,
        "4" : 99.999983,
        "8" : 0.000000,
        "16" : 0.000000,
        "32" : 0.100000,
        "64" : 0.000000,
        ">=64" : 0.000000
      },
      "latency_ns" : {
        "2" : 0.000000,
        "4" : 0.000000,
        "10" : 0.000000,
        "20" : 0.000000,
        "50" : 0.000000,
        "100" : 0.000000,
        "250" : 0.000000,
        "500" : 0.000000,
        "750" : 0.000000,
        "1000" : 0.000000
      },
      "latency_us" : {
        "2" : 0.000000,
        "4" : 0.000000,
        "10" : 0.000000,
        "20" : 2.231901,
        "50" : 23.403887,
        "100" : 66.867850,
        "250" : 2.386844,
        "500" : 0.038317,
        "750" : 0.027823,
        "1000" : 4.949689
      },
      "latency_ms" : {
        "2" : 0.093101,
        "4" : 0.010000,
        "10" : 0.010000,
        "20" : 0.000000,
        "50" : 0.000000,
        "100" : 0.000000,
        "250" : 0.000000,
        "500" : 0.000000,
        "750" : 0.000000,
        "1000" : 0.000000,
        "2000" : 0.000000,
        ">=2000" : 0.000000
      },
      "latency_depth" : 32,
      "latency_target" : 0,
      "latency_percentile" : 100.000000,
      "latency_window" : 0
    }
  ],
  "disk_util" : [
    {
      "name" : "nvme0n1",
      "read_ios" : 5751098,
      "write_ios" : 5320,
      "read_sectors" : 46036192,
      "write_sectors" : 1174640,
      "read_merges" : 0,
      "write_merges" : 552,
      "read_ticks" : 523807,
      "write_ticks" : 6574,
      "in_queue" : 530566,
      "util" : 98.768954
    }
  ]
}
