{
  "fio version" : "fio-3.41",
  "timestamp" : 1782201244,
  "timestamp_ms" : 1782201244193,
  "time" : "Tue Jun 23 15:54:04 2026",
  "jobs" : [
    {
      "jobname" : "seq_read_128k",
      "groupid" : 0,
      "job_start" : 1782201224046,
      "error" : 0,
      "eta" : 0,
      "elapsed" : 21,
      "job options" : {
        "name" : "seq_read_128k",
        "filename" : "/dev/nvme3n1",
        "direct" : "1",
        "ioengine" : "libaio",
        "iodepth" : "32",
        "rw" : "read",
        "bs" : "128k",
        "size" : "2G",
        "runtime" : "20",
        "time_based" : ""
      },
      "read" : {
        "io_bytes" : 33881063424,
        "io_kbytes" : 33086976,
        "bw_bytes" : 1693883782,
        "bw" : 1654183,
        "iops" : 12923.307669,
        "runtime" : 20002,
        "total_ios" : 258492,
        "short_ios" : 0,
        "drop_ios" : 0,
        "slat_ns" : {
          "min" : 9309,
          "max" : 98724,
          "mean" : 10649.234758,
          "stddev" : 1409.208167,
          "N" : 258492
        },
        "clat_ns" : {
          "min" : 33461,
          "max" : 22932775,
          "mean" : 2465181.941050,
          "stddev" : 2045216.628774,
          "N" : 258492,
          "percentile" : {
            "1.000000" : 123392,
            "5.000000" : 403456,
            "10.000000" : 569344,
            "20.000000" : 872448,
            "30.000000" : 1351680,
            "40.000000" : 1728512,
            "50.000000" : 2179072,
            "60.000000" : 2605056,
            "70.000000" : 3063808,
            "80.000000" : 3555328,
            "90.000000" : 4489216,
            "95.000000" : 5406720,
            "99.000000" : 9109504,
            "99.500000" : 12910592,
            "99.900000" : 21364736,
            "99.950000" : 21889024,
            "99.990000" : 22413312
          }
        },
        "lat_ns" : {
          "min" : 43744,
          "max" : 22942949,
          "mean" : 2475831.175808,
          "stddev" : 2045433.185116,
          "N" : 258492
        },
        "bw_min" : 1271296,
        "bw_max" : 2021632,
        "bw_agg" : 100.000000,
        "bw_mean" : 1654348.800000,
        "bw_dev" : 210845.636613,
        "bw_samples" : 40,
        "iops_min" : 9932,
        "iops_max" : 15794,
        "iops_mean" : 12924.600000,
        "iops_stddev" : 1647.231536,
        "iops_samples" : 40
      },
      "write" : {
        "io_bytes" : 0,
        "io_kbytes" : 0,
        "bw_bytes" : 0,
        "bw" : 0,
        "iops" : 0.000000,
        "runtime" : 0,
        "total_ios" : 0,
        "short_ios" : 0,
        "drop_ios" : 0,
        "slat_ns" : {
          "min" : 0,
          "max" : 0,
          "mean" : 0.000000,
          "stddev" : 0.000000,
          "N" : 0
        },
        "clat_ns" : {
          "min" : 0,
          "max" : 0,
          "mean" : 0.000000,
          "stddev" : 0.000000,
          "N" : 0
        },
        "lat_ns" : {
          "min" : 0,
          "max" : 0,
          "mean" : 0.000000,
          "stddev" : 0.000000,
          "N" : 0
        },
        "bw_min" : 0,
        "bw_max" : 0,
        "bw_agg" : 0.000000,
        "bw_mean" : 0.000000,
        "bw_dev" : 0.000000,
        "bw_samples" : 0,
        "iops_min" : 0,
        "iops_max" : 0,
        "iops_mean" : 0.000000,
        "iops_stddev" : 0.000000,
        "iops_samples" : 0
      },
      "trim" : {
        "io_bytes" : 0,
        "io_kbytes" : 0,
        "bw_bytes" : 0,
        "bw" : 0,
        "iops" : 0.000000,
        "runtime" : 0,
        "total_ios" : 0,
        "short_ios" : 0,
        "drop_ios" : 0,
        "slat_ns" : {
          "min" : 0,
          "max" : 0,
          "mean" : 0.000000,
          "stddev" : 0.000000,
          "N" : 0
        },
        "clat_ns" : {
          "min" : 0,
          "max" : 0,
          "mean" : 0.000000,
          "stddev" : 0.000000,
          "N" : 0
        },
        "lat_ns" : {
          "min" : 0,
          "max" : 0,
          "mean" : 0.000000,
          "stddev" : 0.000000,
          "N" : 0
        },
        "bw_min" : 0,
        "bw_max" : 0,
        "bw_agg" : 0.000000,
        "bw_mean" : 0.000000,
        "bw_dev" : 0.000000,
        "bw_samples" : 0,
        "iops_min" : 0,
        "iops_max" : 0,
        "iops_mean" : 0.000000,
        "iops_stddev" : 0.000000,
        "iops_samples" : 0
      },
      "sync" : {
        "total_ios" : 0,
        "lat_ns" : {
          "min" : 0,
          "max" : 0,
          "mean" : 0.000000,
          "stddev" : 0.000000,
          "N" : 0
        }
      },
      "job_runtime" : 20001,
      "usr_cpu" : 0.639968,
      "sys_cpu" : 15.164242,
      "ctx" : 207104,
      "majf" : 0,
      "minf" : 1037,
      "iodepth_level" : {
        "1" : 0.100000,
        "2" : 0.100000,
        "4" : 0.100000,
        "8" : 0.100000,
        "16" : 0.100000,
        "32" : 99.988007,
        ">=64" : 0.000000
      },
      "iodepth_submit" : {
        "0" : 0.000000,
        "4" : 100.000000,
        "8" : 0.000000,
        "16" : 0.000000,
        "32" : 0.000000,
        "64" : 0.000000,
        ">=64" : 0.000000
      },
      "iodepth_complete" : {
        "0" : 0.000000,
        "4" : 99.999613,
        "8" : 0.000000,
        "16" : 0.000000,
        "32" : 0.100000,
        "64" : 0.000000,
        ">=64" : 0.000000
      },
      "latency_ns" : {
        "2" : 0.000000,
        "4" : 0.000000,
        "10" : 0.000000,
        "20" : 0.000000,
        "50" : 0.000000,
        "100" : 0.000000,
        "250" : 0.000000,
        "500" : 0.000000,
        "750" : 0.000000,
        "1000" : 0.000000
      },
      "latency_us" : {
        "2" : 0.000000,
        "4" : 0.000000,
        "10" : 0.000000,
        "20" : 0.000000,
        "50" : 0.320319,
        "100" : 0.327283,
        "250" : 2.485570,
        "500" : 2.742058,
        "750" : 12.915293,
        "1000" : 3.122727
      },
      "latency_ms" : {
        "2" : 24.096684,
        "4" : 39.707225,
        "10" : 13.456509,
        "20" : 0.540055,
        "50" : 0.286276,
        "100" : 0.000000,
        "250" : 0.000000,
        "500" : 0.000000,
        "750" : 0.000000,
        "1000" : 0.000000,
        "2000" : 0.000000,
        ">=2000" : 0.000000
      },
      "latency_depth" : 32,
      "latency_target" : 0,
      "latency_percentile" : 100.000000,
      "latency_window" : 0
    }
  ],
  "disk_util" : [
    {
      "name" : "nvme3n1",
      "read_ios" : 256843,
      "write_ios" : 0,
      "read_sectors" : 65751808,
      "write_sectors" : 0,
      "read_merges" : 0,
      "write_merges" : 0,
      "read_ticks" : 635112,
      "write_ticks" : 0,
      "in_queue" : 635112,
      "util" : 99.549730
    }
  ]
}
