{
  "fio version" : "fio-3.41",
  "timestamp" : 1782201132,
  "timestamp_ms" : 1782201132385,
  "time" : "Tue Jun 23 15:52:12 2026",
  "jobs" : [
    {
      "jobname" : "rand_read_4k_nvme1n1",
      "groupid" : 0,
      "job_start" : 1782201112243,
      "error" : 0,
      "eta" : 0,
      "elapsed" : 21,
      "job options" : {
        "name" : "rand_read_4k_nvme1n1",
        "filename" : "/dev/nvme1n1",
        "direct" : "1",
        "ioengine" : "libaio",
        "iodepth" : "32",
        "rw" : "randread",
        "bs" : "4k",
        "size" : "2G",
        "runtime" : "20",
        "time_based" : ""
      },
      "read" : {
        "io_bytes" : 1742848000,
        "io_kbytes" : 1702000,
        "bw_bytes" : 87129330,
        "bw" : 85087,
        "iops" : 21271.809229,
        "runtime" : 20003,
        "total_ios" : 425500,
        "short_ios" : 0,
        "drop_ios" : 0,
        "slat_ns" : {
          "min" : 672,
          "max" : 107456,
          "mean" : 1255.210766,
          "stddev" : 755.679244,
          "N" : 425500
        },
        "clat_ns" : {
          "min" : 5628,
          "max" : 38383850,
          "mean" : 1502815.888919,
          "stddev" : 1945532.359568,
          "N" : 425500,
          "percentile" : {
            "1.000000" : 8768,
            "5.000000" : 9408,
            "10.000000" : 62208,
            "20.000000" : 72192,
            "30.000000" : 83456,
            "40.000000" : 156672,
            "50.000000" : 667648,
            "60.000000" : 1449984,
            "70.000000" : 2023424,
            "80.000000" : 2703360,
            "90.000000" : 4014080,
            "95.000000" : 5406720,
            "99.000000" : 8454144,
            "99.500000" : 9764864,
            "99.900000" : 12386304,
            "99.950000" : 13959168,
            "99.990000" : 18481152
          }
        },
        "lat_ns" : {
          "min" : 8339,
          "max" : 38386194,
          "mean" : 1504071.099685,
          "stddev" : 1945536.776640,
          "N" : 425500
        },
        "bw_min" : 73664,
        "bw_max" : 95104,
        "bw_agg" : 100.000000,
        "bw_mean" : 85100.000000,
        "bw_dev" : 4652.831418,
        "bw_samples" : 40,
        "iops_min" : 18416,
        "iops_max" : 23776,
        "iops_mean" : 21275.000000,
        "iops_stddev" : 1163.207855,
        "iops_samples" : 40
      },
      "write" : {
        "io_bytes" : 0,
        "io_kbytes" : 0,
        "bw_bytes" : 0,
        "bw" : 0,
        "iops" : 0.000000,
        "runtime" : 0,
        "total_ios" : 0,
        "short_ios" : 0,
        "drop_ios" : 0,
        "slat_ns" : {
          "min" : 0,
          "max" : 0,
          "mean" : 0.000000,
          "stddev" : 0.000000,
          "N" : 0
        },
        "clat_ns" : {
          "min" : 0,
          "max" : 0,
          "mean" : 0.000000,
          "stddev" : 0.000000,
          "N" : 0
        },
        "lat_ns" : {
          "min" : 0,
          "max" : 0,
          "mean" : 0.000000,
          "stddev" : 0.000000,
          "N" : 0
        },
        "bw_min" : 0,
        "bw_max" : 0,
        "bw_agg" : 0.000000,
        "bw_mean" : 0.000000,
        "bw_dev" : 0.000000,
        "bw_samples" : 0,
        "iops_min" : 0,
        "iops_max" : 0,
        "iops_mean" : 0.000000,
        "iops_stddev" : 0.000000,
        "iops_samples" : 0
      },
      "trim" : {
        "io_bytes" : 0,
        "io_kbytes" : 0,
        "bw_bytes" : 0,
        "bw" : 0,
        "iops" : 0.000000,
        "runtime" : 0,
        "total_ios" : 0,
        "short_ios" : 0,
        "drop_ios" : 0,
        "slat_ns" : {
          "min" : 0,
          "max" : 0,
          "mean" : 0.000000,
          "stddev" : 0.000000,
          "N" : 0
        },
        "clat_ns" : {
          "min" : 0,
          "max" : 0,
          "mean" : 0.000000,
          "stddev" : 0.000000,
          "N" : 0
        },
        "lat_ns" : {
          "min" : 0,
          "max" : 0,
          "mean" : 0.000000,
          "stddev" : 0.000000,
          "N" : 0
        },
        "bw_min" : 0,
        "bw_max" : 0,
        "bw_agg" : 0.000000,
        "bw_mean" : 0.000000,
        "bw_dev" : 0.000000,
        "bw_samples" : 0,
        "iops_min" : 0,
        "iops_max" : 0,
        "iops_mean" : 0.000000,
        "iops_stddev" : 0.000000,
        "iops_samples" : 0
      },
      "sync" : {
        "total_ios" : 0,
        "lat_ns" : {
          "min" : 0,
          "max" : 0,
          "mean" : 0.000000,
          "stddev" : 0.000000,
          "N" : 0
        }
      },
      "job_runtime" : 20002,
      "usr_cpu" : 1.404860,
      "sys_cpu" : 4.604540,
      "ctx" : 339013,
      "majf" : 0,
      "minf" : 43,
      "iodepth_level" : {
        "1" : 0.100000,
        "2" : 0.100000,
        "4" : 0.100000,
        "8" : 0.100000,
        "16" : 0.100000,
        "32" : 99.992714,
        ">=64" : 0.000000
      },
      "iodepth_submit" : {
        "0" : 0.000000,
        "4" : 100.000000,
        "8" : 0.000000,
        "16" : 0.000000,
        "32" : 0.000000,
        "64" : 0.000000,
        ">=64" : 0.000000
      },
      "iodepth_complete" : {
        "0" : 0.000000,
        "4" : 99.999765,
        "8" : 0.000000,
        "16" : 0.000000,
        "32" : 0.100000,
        "64" : 0.000000,
        ">=64" : 0.000000
      },
      "latency_ns" : {
        "2" : 0.000000,
        "4" : 0.000000,
        "10" : 0.000000,
        "20" : 0.000000,
        "50" : 0.000000,
        "100" : 0.000000,
        "250" : 0.000000,
        "500" : 0.000000,
        "750" : 0.000000,
        "1000" : 0.000000
      },
      "latency_us" : {
        "2" : 0.000000,
        "4" : 0.000000,
        "10" : 5.333490,
        "20" : 2.184489,
        "50" : 0.257579,
        "100" : 26.439248,
        "250" : 10.053584,
        "500" : 3.761927,
        "750" : 2.920329,
        "1000" : 2.964042
      },
      "latency_ms" : {
        "2" : 15.577203,
        "4" : 20.341011,
        "10" : 9.749001,
        "20" : 0.410341,
        "50" : 0.010000,
        "100" : 0.000000,
        "250" : 0.000000,
        "500" : 0.000000,
        "750" : 0.000000,
        "1000" : 0.000000,
        "2000" : 0.000000,
        ">=2000" : 0.000000
      },
      "latency_depth" : 32,
      "latency_target" : 0,
      "latency_percentile" : 100.000000,
      "latency_window" : 0
    }
  ],
  "disk_util" : [
    {
      "name" : "nvme1n1",
      "read_ios" : 423361,
      "write_ios" : 0,
      "read_sectors" : 3386888,
      "write_sectors" : 0,
      "read_merges" : 0,
      "write_merges" : 0,
      "read_ticks" : 634808,
      "write_ticks" : 0,
      "in_queue" : 634808,
      "util" : 99.549572
    }
  ]
}
