{
  "fio version" : "fio-3.41",
  "timestamp" : 1782201223,
  "timestamp_ms" : 1782201223782,
  "time" : "Tue Jun 23 15:53:43 2026",
  "jobs" : [
    {
      "jobname" : "rand_read_4k",
      "groupid" : 0,
      "job_start" : 1782201203635,
      "error" : 0,
      "eta" : 0,
      "elapsed" : 21,
      "job options" : {
        "name" : "rand_read_4k",
        "filename" : "/dev/nvme3n1",
        "direct" : "1",
        "ioengine" : "libaio",
        "iodepth" : "32",
        "rw" : "randread",
        "bs" : "4k",
        "size" : "2G",
        "runtime" : "20",
        "time_based" : ""
      },
      "read" : {
        "io_bytes" : 10548334592,
        "io_kbytes" : 10301108,
        "bw_bytes" : 527390360,
        "bw" : 515029,
        "iops" : 128757.412129,
        "runtime" : 20001,
        "total_ios" : 2575277,
        "short_ios" : 0,
        "drop_ios" : 0,
        "slat_ns" : {
          "min" : 731,
          "max" : 41422,
          "mean" : 1181.890576,
          "stddev" : 463.808966,
          "N" : 2575277
        },
        "clat_ns" : {
          "min" : 5694,
          "max" : 5864193,
          "mean" : 247167.647925,
          "stddev" : 205540.391817,
          "N" : 2575277,
          "percentile" : {
            "1.000000" : 10432,
            "5.000000" : 14528,
            "10.000000" : 23424,
            "20.000000" : 101888,
            "30.000000" : 114176,
            "40.000000" : 142336,
            "50.000000" : 183296,
            "60.000000" : 238592,
            "70.000000" : 313344,
            "80.000000" : 407552,
            "90.000000" : 518144,
            "95.000000" : 602112,
            "99.000000" : 880640,
            "99.500000" : 1122304,
            "99.900000" : 1695744,
            "99.950000" : 1892352,
            "99.990000" : 2441216
          }
        },
        "lat_ns" : {
          "min" : 8388,
          "max" : 5865315,
          "mean" : 248349.538501,
          "stddev" : 205532.164584,
          "N" : 2575277
        },
        "bw_min" : 414067,
        "bw_max" : 618304,
        "bw_agg" : 100.000000,
        "bw_mean" : 515034.675000,
        "bw_dev" : 45320.780927,
        "bw_samples" : 40,
        "iops_min" : 103516,
        "iops_max" : 154576,
        "iops_mean" : 128758.650000,
        "iops_stddev" : 11330.238076,
        "iops_samples" : 40
      },
      "write" : {
        "io_bytes" : 0,
        "io_kbytes" : 0,
        "bw_bytes" : 0,
        "bw" : 0,
        "iops" : 0.000000,
        "runtime" : 0,
        "total_ios" : 0,
        "short_ios" : 0,
        "drop_ios" : 0,
        "slat_ns" : {
          "min" : 0,
          "max" : 0,
          "mean" : 0.000000,
          "stddev" : 0.000000,
          "N" : 0
        },
        "clat_ns" : {
          "min" : 0,
          "max" : 0,
          "mean" : 0.000000,
          "stddev" : 0.000000,
          "N" : 0
        },
        "lat_ns" : {
          "min" : 0,
          "max" : 0,
          "mean" : 0.000000,
          "stddev" : 0.000000,
          "N" : 0
        },
        "bw_min" : 0,
        "bw_max" : 0,
        "bw_agg" : 0.000000,
        "bw_mean" : 0.000000,
        "bw_dev" : 0.000000,
        "bw_samples" : 0,
        "iops_min" : 0,
        "iops_max" : 0,
        "iops_mean" : 0.000000,
        "iops_stddev" : 0.000000,
        "iops_samples" : 0
      },
      "trim" : {
        "io_bytes" : 0,
        "io_kbytes" : 0,
        "bw_bytes" : 0,
        "bw" : 0,
        "iops" : 0.000000,
        "runtime" : 0,
        "total_ios" : 0,
        "short_ios" : 0,
        "drop_ios" : 0,
        "slat_ns" : {
          "min" : 0,
          "max" : 0,
          "mean" : 0.000000,
          "stddev" : 0.000000,
          "N" : 0
        },
        "clat_ns" : {
          "min" : 0,
          "max" : 0,
          "mean" : 0.000000,
          "stddev" : 0.000000,
          "N" : 0
        },
        "lat_ns" : {
          "min" : 0,
          "max" : 0,
          "mean" : 0.000000,
          "stddev" : 0.000000,
          "N" : 0
        },
        "bw_min" : 0,
        "bw_max" : 0,
        "bw_agg" : 0.000000,
        "bw_mean" : 0.000000,
        "bw_dev" : 0.000000,
        "bw_samples" : 0,
        "iops_min" : 0,
        "iops_max" : 0,
        "iops_mean" : 0.000000,
        "iops_stddev" : 0.000000,
        "iops_samples" : 0
      },
      "sync" : {
        "total_ios" : 0,
        "lat_ns" : {
          "min" : 0,
          "max" : 0,
          "mean" : 0.000000,
          "stddev" : 0.000000,
          "N" : 0
        }
      },
      "job_runtime" : 20000,
      "usr_cpu" : 5.425000,
      "sys_cpu" : 20.765000,
      "ctx" : 1048931,
      "majf" : 0,
      "minf" : 42,
      "iodepth_level" : {
        "1" : 0.100000,
        "2" : 0.100000,
        "4" : 0.100000,
        "8" : 0.100000,
        "16" : 0.100000,
        "32" : 99.998796,
        ">=64" : 0.000000
      },
      "iodepth_submit" : {
        "0" : 0.000000,
        "4" : 100.000000,
        "8" : 0.000000,
        "16" : 0.000000,
        "32" : 0.000000,
        "64" : 0.000000,
        ">=64" : 0.000000
      },
      "iodepth_complete" : {
        "0" : 0.000000,
        "4" : 99.999961,
        "8" : 0.000000,
        "16" : 0.000000,
        "32" : 0.100000,
        "64" : 0.000000,
        ">=64" : 0.000000
      },
      "latency_ns" : {
        "2" : 0.000000,
        "4" : 0.000000,
        "10" : 0.000000,
        "20" : 0.000000,
        "50" : 0.000000,
        "100" : 0.000000,
        "250" : 0.000000,
        "500" : 0.000000,
        "750" : 0.000000,
        "1000" : 0.000000
      },
      "latency_us" : {
        "2" : 0.000000,
        "4" : 0.000000,
        "10" : 0.593645,
        "20" : 8.227814,
        "50" : 2.872895,
        "100" : 7.466808,
        "250" : 42.610678,
        "500" : 26.974690,
        "750" : 9.486979,
        "1000" : 1.073477
      },
      "latency_ms" : {
        "2" : 0.657599,
        "4" : 0.034132,
        "10" : 0.010000,
        "20" : 0.000000,
        "50" : 0.000000,
        "100" : 0.000000,
        "250" : 0.000000,
        "500" : 0.000000,
        "750" : 0.000000,
        "1000" : 0.000000,
        "2000" : 0.000000,
        ">=2000" : 0.000000
      },
      "latency_depth" : 32,
      "latency_target" : 0,
      "latency_percentile" : 100.000000,
      "latency_window" : 0
    }
  ],
  "disk_util" : [
    {
      "name" : "nvme3n1",
      "read_ios" : 2564266,
      "write_ios" : 0,
      "read_sectors" : 20514128,
      "write_sectors" : 0,
      "read_merges" : 0,
      "write_merges" : 0,
      "read_ticks" : 625834,
      "write_ticks" : 0,
      "in_queue" : 625834,
      "util" : 99.564674
    }
  ]
}
