{
  "fio version" : "fio-3.41",
  "timestamp" : 1782201111,
  "timestamp_ms" : 1782201111979,
  "time" : "Tue Jun 23 15:51:51 2026",
  "jobs" : [
    {
      "jobname" : "seq_read_128k_nvme0n1",
      "groupid" : 0,
      "job_start" : 1782201091831,
      "error" : 0,
      "eta" : 0,
      "elapsed" : 21,
      "job options" : {
        "name" : "seq_read_128k_nvme0n1",
        "filename" : "/dev/nvme0n1",
        "direct" : "1",
        "ioengine" : "libaio",
        "iodepth" : "32",
        "rw" : "read",
        "bs" : "128k",
        "size" : "2G",
        "runtime" : "20",
        "time_based" : ""
      },
      "read" : {
        "io_bytes" : 175205777408,
        "io_kbytes" : 171099392,
        "bw_bytes" : 8759850877,
        "bw" : 8554541,
        "iops" : 66832.358382,
        "runtime" : 20001,
        "total_ios" : 1336714,
        "short_ios" : 0,
        "drop_ios" : 0,
        "slat_ns" : {
          "min" : 9249,
          "max" : 474377,
          "mean" : 10419.433503,
          "stddev" : 1002.179027,
          "N" : 1336714
        },
        "clat_ns" : {
          "min" : 38643,
          "max" : 1601357,
          "mean" : 468240.015570,
          "stddev" : 64995.871117,
          "N" : 1336714,
          "percentile" : {
            "1.000000" : 378880,
            "5.000000" : 456704,
            "10.000000" : 456704,
            "20.000000" : 460800,
            "30.000000" : 460800,
            "40.000000" : 460800,
            "50.000000" : 460800,
            "60.000000" : 460800,
            "70.000000" : 460800,
            "80.000000" : 464896,
            "90.000000" : 464896,
            "95.000000" : 468992,
            "99.000000" : 847872,
            "99.500000" : 1003520,
            "99.900000" : 1105920,
            "99.950000" : 1122304,
            "99.990000" : 1269760
          }
        },
        "lat_ns" : {
          "min" : 48668,
          "max" : 1705570,
          "mean" : 478659.449073,
          "stddev" : 65037.127490,
          "N" : 1336714
        },
        "bw_min" : 5877248,
        "bw_max" : 8645632,
        "bw_agg" : 100.000000,
        "bw_mean" : 8554969.600000,
        "bw_dev" : 437207.385804,
        "bw_samples" : 40,
        "iops_min" : 45916,
        "iops_max" : 67544,
        "iops_mean" : 66835.700000,
        "iops_stddev" : 3415.682702,
        "iops_samples" : 40
      },
      "write" : {
        "io_bytes" : 0,
        "io_kbytes" : 0,
        "bw_bytes" : 0,
        "bw" : 0,
        "iops" : 0.000000,
        "runtime" : 0,
        "total_ios" : 0,
        "short_ios" : 0,
        "drop_ios" : 0,
        "slat_ns" : {
          "min" : 0,
          "max" : 0,
          "mean" : 0.000000,
          "stddev" : 0.000000,
          "N" : 0
        },
        "clat_ns" : {
          "min" : 0,
          "max" : 0,
          "mean" : 0.000000,
          "stddev" : 0.000000,
          "N" : 0
        },
        "lat_ns" : {
          "min" : 0,
          "max" : 0,
          "mean" : 0.000000,
          "stddev" : 0.000000,
          "N" : 0
        },
        "bw_min" : 0,
        "bw_max" : 0,
        "bw_agg" : 0.000000,
        "bw_mean" : 0.000000,
        "bw_dev" : 0.000000,
        "bw_samples" : 0,
        "iops_min" : 0,
        "iops_max" : 0,
        "iops_mean" : 0.000000,
        "iops_stddev" : 0.000000,
        "iops_samples" : 0
      },
      "trim" : {
        "io_bytes" : 0,
        "io_kbytes" : 0,
        "bw_bytes" : 0,
        "bw" : 0,
        "iops" : 0.000000,
        "runtime" : 0,
        "total_ios" : 0,
        "short_ios" : 0,
        "drop_ios" : 0,
        "slat_ns" : {
          "min" : 0,
          "max" : 0,
          "mean" : 0.000000,
          "stddev" : 0.000000,
          "N" : 0
        },
        "clat_ns" : {
          "min" : 0,
          "max" : 0,
          "mean" : 0.000000,
          "stddev" : 0.000000,
          "N" : 0
        },
        "lat_ns" : {
          "min" : 0,
          "max" : 0,
          "mean" : 0.000000,
          "stddev" : 0.000000,
          "N" : 0
        },
        "bw_min" : 0,
        "bw_max" : 0,
        "bw_agg" : 0.000000,
        "bw_mean" : 0.000000,
        "bw_dev" : 0.000000,
        "bw_samples" : 0,
        "iops_min" : 0,
        "iops_max" : 0,
        "iops_mean" : 0.000000,
        "iops_stddev" : 0.000000,
        "iops_samples" : 0
      },
      "sync" : {
        "total_ios" : 0,
        "lat_ns" : {
          "min" : 0,
          "max" : 0,
          "mean" : 0.000000,
          "stddev" : 0.000000,
          "N" : 0
        }
      },
      "job_runtime" : 20000,
      "usr_cpu" : 1.855000,
      "sys_cpu" : 76.025000,
      "ctx" : 1287142,
      "majf" : 0,
      "minf" : 1034,
      "iodepth_level" : {
        "1" : 0.100000,
        "2" : 0.100000,
        "4" : 0.100000,
        "8" : 0.100000,
        "16" : 0.100000,
        "32" : 99.997681,
        ">=64" : 0.000000
      },
      "iodepth_submit" : {
        "0" : 0.000000,
        "4" : 100.000000,
        "8" : 0.000000,
        "16" : 0.000000,
        "32" : 0.000000,
        "64" : 0.000000,
        ">=64" : 0.000000
      },
      "iodepth_complete" : {
        "0" : 0.000000,
        "4" : 99.999925,
        "8" : 0.000000,
        "16" : 0.000000,
        "32" : 0.100000,
        "64" : 0.000000,
        ">=64" : 0.000000
      },
      "latency_ns" : {
        "2" : 0.000000,
        "4" : 0.000000,
        "10" : 0.000000,
        "20" : 0.000000,
        "50" : 0.000000,
        "100" : 0.000000,
        "250" : 0.000000,
        "500" : 0.000000,
        "750" : 0.000000,
        "1000" : 0.000000
      },
      "latency_us" : {
        "2" : 0.000000,
        "4" : 0.000000,
        "10" : 0.000000,
        "20" : 0.000000,
        "50" : 0.010000,
        "100" : 0.024912,
        "250" : 0.289815,
        "500" : 96.653959,
        "750" : 1.743080,
        "1000" : 0.763813
      },
      "latency_ms" : {
        "2" : 0.519184,
        "4" : 0.000000,
        "10" : 0.000000,
        "20" : 0.000000,
        "50" : 0.000000,
        "100" : 0.000000,
        "250" : 0.000000,
        "500" : 0.000000,
        "750" : 0.000000,
        "1000" : 0.000000,
        "2000" : 0.000000,
        ">=2000" : 0.000000
      },
      "latency_depth" : 32,
      "latency_target" : 0,
      "latency_percentile" : 100.000000,
      "latency_window" : 0
    }
  ],
  "disk_util" : [
    {
      "name" : "nvme0n1",
      "read_ios" : 1329730,
      "write_ios" : 5371,
      "read_sectors" : 340410384,
      "write_sectors" : 1176000,
      "read_merges" : 0,
      "write_merges" : 577,
      "read_ticks" : 632003,
      "write_ticks" : 18469,
      "in_queue" : 650597,
      "util" : 99.574617
    }
  ]
}
