{
  "backend": "cpu",
  "model": "/home/ficus/llm/models/Qwen/Qwen2___5-14B-Instruct-AWQ",
  "trial_id": 1,
  "model_load_time_s": 22.732184648513794,
  "pass1_total_time_s": 2.59080171585083,
  "pass2_total_time_s": 1.579941987991333,
  "pass1_ttfts": [
    0.6320133209228516,
    0.692054271697998,
    0.6913959980010986,
    0.6908731460571289,
    1.8192853927612305,
    1.8269307613372803,
    1.826397180557251,
    1.8258790969848633
  ],
  "pass2_ttfts": [
    0.022030353546142578,
    0.0338594913482666,
    0.03340935707092285,
    0.03298687934875488,
    0.8010776042938232,
    0.8183803558349609,
    0.8179068565368652,
    0.8174493312835693
  ],
  "pass1_ttft_mean_s": 1.2506036460399628,
  "pass2_ttft_mean_s": 0.4221375286579132,
  "pass1_prompt_tokens": 2694,
  "pass2_prompt_tokens": 2694,
  "gpu_mem_util": 0.75,
  "speedup": 2.9625502617972925,
  "interpretation": "Pass2 should be faster than Pass1 if LMCache is hitting the cache."
}