{
  "backend": "cpu",
  "model": "/home/ficus/llm/models/Qwen/Qwen2___5-14B-Instruct-AWQ",
  "trial_id": 2,
  "model_load_time_s": 22.367069244384766,
  "pass1_total_time_s": 2.59224009513855,
  "pass2_total_time_s": 1.5801076889038086,
  "pass1_ttfts": [
    0.6360030174255371,
    0.6957964897155762,
    0.6951334476470947,
    0.6946215629577637,
    1.8207783699035645,
    1.8290131092071533,
    1.8284602165222168,
    1.8279445171356201
  ],
  "pass2_ttfts": [
    0.0215299129486084,
    0.03377246856689453,
    0.03332352638244629,
    0.03290128707885742,
    0.8011617660522461,
    0.8185343742370605,
    0.8180496692657471,
    0.817594051361084
  ],
  "pass1_ttft_mean_s": 1.2534688413143158,
  "pass2_ttft_mean_s": 0.42210838198661804,
  "pass1_prompt_tokens": 2694,
  "pass2_prompt_tokens": 2694,
  "gpu_mem_util": 0.75,
  "speedup": 2.9695426454574743,
  "interpretation": "Pass2 should be faster than Pass1 if LMCache is hitting the cache."
}