{
  "backend": "cpu",
  "model": "/home/ficus/llm/models/Qwen/Qwen2___5-14B-Instruct-AWQ",
  "trial_id": 1,
  "model_load_time_s": 23.00402855873108,
  "pass1_total_time_s": 2.583787441253662,
  "pass2_total_time_s": 1.60286545753479,
  "pass1_ttfts": [
    0.6094634532928467,
    0.6668376922607422,
    0.6660661697387695,
    0.6654634475708008,
    1.7991151809692383,
    1.8069162368774414,
    1.8062994480133057,
    1.8057184219360352
  ],
  "pass2_ttfts": [
    0.02172231674194336,
    0.034258127212524414,
    0.033658742904663086,
    0.03309273719787598,
    0.8124055862426758,
    0.8298196792602539,
    0.8292224407196045,
    0.8286042213439941
  ],
  "pass1_ttft_mean_s": 1.2282350063323975,
  "pass2_ttft_mean_s": 0.4278479814529419,
  "pass1_prompt_tokens": 2694,
  "pass2_prompt_tokens": 2694,
  "gpu_mem_util": 0.75,
  "speedup": 2.8707275938556425,
  "interpretation": "Pass2 should be faster than Pass1 if LMCache is hitting the cache."
}