{
  "backend": "cpu",
  "model": "/home/ficus/llm/models/Qwen/Qwen2___5-14B-Instruct-AWQ",
  "trial_id": 0,
  "model_load_time_s": 25.9460768699646,
  "pass1_total_time_s": 2.573841094970703,
  "pass2_total_time_s": 1.5735735893249512,
  "pass1_ttfts": [
    0.613980770111084,
    0.6765260696411133,
    0.6758170127868652,
    0.6752142906188965,
    1.8070032596588135,
    1.814662218093872,
    1.8140530586242676,
    1.8134641647338867
  ],
  "pass2_ttfts": [
    0.020255565643310547,
    0.03349113464355469,
    0.03298473358154297,
    0.03252100944519043,
    0.7976655960083008,
    0.8151519298553467,
    0.8146538734436035,
    0.8141891956329346
  ],
  "pass1_ttft_mean_s": 1.2363401055335999,
  "pass2_ttft_mean_s": 0.420114129781723,
  "pass1_prompt_tokens": 2694,
  "pass2_prompt_tokens": 2694,
  "gpu_mem_util": 0.75,
  "speedup": 2.942867230330863,
  "interpretation": "Pass2 should be faster than Pass1 if LMCache is hitting the cache."
}