{
  "backend": "cpu",
  "model": "/home/ficus/llm/models/Qwen/Qwen2___5-14B-Instruct-AWQ",
  "trial_id": 0,
  "model_load_time_s": 23.96699285507202,
  "pass1_total_time_s": 2.6069936752319336,
  "pass2_total_time_s": 1.6021556854248047,
  "pass1_ttfts": [
    0.6339747905731201,
    0.6961660385131836,
    0.695570707321167,
    0.6950628757476807,
    1.8279974460601807,
    1.8355529308319092,
    1.8350193500518799,
    1.834512710571289
  ],
  "pass2_ttfts": [
    0.021694183349609375,
    0.03409767150878906,
    0.03364443778991699,
    0.033208370208740234,
    0.8130738735198975,
    0.8301692008972168,
    0.8296844959259033,
    0.8292267322540283
  ],
  "pass1_ttft_mean_s": 1.2567321062088013,
  "pass2_ttft_mean_s": 0.4280998706817627,
  "pass1_prompt_tokens": 2694,
  "pass2_prompt_tokens": 2694,
  "gpu_mem_util": 0.75,
  "speedup": 2.935604965746463,
  "interpretation": "Pass2 should be faster than Pass1 if LMCache is hitting the cache."
}