{
  "backend": "cpu",
  "model": "/home/ficus/llm/models/Qwen/Qwen2___5-14B-Instruct-AWQ",
  "trial_id": 2,
  "model_load_time_s": 22.86332654953003,
  "pass1_total_time_s": 2.617278575897217,
  "pass2_total_time_s": 1.6030404567718506,
  "pass1_ttfts": [
    0.6137166023254395,
    0.7038381099700928,
    0.7031795978546143,
    0.7026610374450684,
    1.8352580070495605,
    1.8430962562561035,
    1.8425564765930176,
    1.8420250415802002
  ],
  "pass2_ttfts": [
    0.022554874420166016,
    0.03455209732055664,
    0.03411221504211426,
    0.03368067741394043,
    0.8131639957427979,
    0.8304476737976074,
    0.8299679756164551,
    0.8295197486877441
  ],
  "pass1_ttft_mean_s": 1.260791391134262,
  "pass2_ttft_mean_s": 0.42849990725517273,
  "pass1_prompt_tokens": 2694,
  "pass2_prompt_tokens": 2694,
  "gpu_mem_util": 0.75,
  "speedup": 2.9423376056496036,
  "interpretation": "Pass2 should be faster than Pass1 if LMCache is hitting the cache."
}