{
  "backend": "cpu",
  "model": "/home/ficus/llm/models/Qwen/Qwen3-4B-Instruct-2507",
  "trial_id": 0,
  "model_load_time_s": 17.793545484542847,
  "pass1_total_time_s": 1.6684420108795166,
  "pass2_total_time_s": 1.44376802444458,
  "pass1_ttfts": [
    0.12871241569519043,
    0.12942075729370117,
    0.12882733345031738,
    0.12830376625061035,
    0.9486181735992432,
    0.9551584720611572,
    0.9546196460723877,
    0.9541101455688477
  ],
  "pass2_ttfts": [
    0.027086257934570312,
    0.03252696990966797,
    0.03206944465637207,
    0.031656503677368164,
    0.7372639179229736,
    0.7486307621002197,
    0.7481601238250732,
    0.7477130889892578
  ],
  "pass1_ttft_mean_s": 0.5409713387489319,
  "pass2_ttft_mean_s": 0.38813838362693787,
  "pass1_prompt_tokens": 2694,
  "pass2_prompt_tokens": 2694,
  "gpu_mem_util": 0.7,
  "speedup": 1.3937589312704783,
  "interpretation": "Pass2 should be faster than Pass1 if LMCache is hitting the cache."
}