{
  "backend": "disabled",
  "model": "/home/ficus/llm/models/Qwen/Qwen2___5-14B-Instruct-AWQ",
  "trial_id": 2,
  "model_load_time_s": 14.41028904914856,
  "pass1_total_time_s": 2.505791187286377,
  "pass2_total_time_s": 1.5578887462615967,
  "pass1_ttfts": [
    0.3965151309967041,
    0.6364133358001709,
    0.6357767581939697,
    0.6352629661560059,
    1.459137201309204,
    1.7467119693756104,
    1.7461769580841064,
    1.745656967163086
  ],
  "pass2_ttfts": [
    0.01961207389831543,
    0.03358340263366699,
    0.03301429748535156,
    0.03249382972717285,
    0.7896442413330078,
    0.806708812713623,
    0.8061013221740723,
    0.8055410385131836
  ],
  "pass1_ttft_mean_s": 1.1252064108848572,
  "pass2_ttft_mean_s": 0.4158373773097992,
  "pass1_prompt_tokens": 2694,
  "pass2_prompt_tokens": 2694,
  "gpu_mem_util": 0.75,
  "speedup": 2.705880885850666,
  "interpretation": "No LMCache: Pass1 ~ Pass2 (sanity check that speedup ~1.0 means LMCache isn't accidentally active)."
}