{
  "backend": "disabled",
  "model": "/home/ficus/llm/models/Qwen/Qwen2___5-14B-Instruct-AWQ",
  "trial_id": 1,
  "model_load_time_s": 14.491457462310791,
  "pass1_total_time_s": 2.502506732940674,
  "pass2_total_time_s": 1.5569484233856201,
  "pass1_ttfts": [
    0.3954956531524658,
    0.635613203048706,
    0.6349549293518066,
    0.6344161033630371,
    1.4578285217285156,
    1.7439308166503906,
    1.7433931827545166,
    1.7428779602050781
  ],
  "pass2_ttfts": [
    0.01818561553955078,
    0.03261303901672363,
    0.0320436954498291,
    0.03152775764465332,
    0.7886106967926025,
    0.8056831359863281,
    0.8050928115844727,
    0.8045332431793213
  ],
  "pass1_ttft_mean_s": 1.1235637962818146,
  "pass2_ttft_mean_s": 0.4147862493991852,
  "pass1_prompt_tokens": 2694,
  "pass2_prompt_tokens": 2694,
  "gpu_mem_util": 0.75,
  "speedup": 2.7087778293260407,
  "interpretation": "No LMCache: Pass1 ~ Pass2 (sanity check that speedup ~1.0 means LMCache isn't accidentally active)."
}