{
  "backend": "disabled",
  "model": "/home/ficus/llm/models/Qwen/Qwen2___5-14B-Instruct-AWQ",
  "trial_id": 2,
  "model_load_time_s": 14.282494306564331,
  "pass1_total_time_s": 2.5038609504699707,
  "pass2_total_time_s": 1.5574586391448975,
  "pass1_ttfts": [
    0.39603209495544434,
    0.6356425285339355,
    0.6349906921386719,
    0.6344594955444336,
    1.4580187797546387,
    1.7450413703918457,
    1.7445030212402344,
    1.7439837455749512
  ],
  "pass2_ttfts": [
    0.018896818161010742,
    0.03308892250061035,
    0.032533884048461914,
    0.03202462196350098,
    0.7893197536468506,
    0.806361198425293,
    0.8057708740234375,
    0.8052306175231934
  ],
  "pass1_ttft_mean_s": 1.1240839660167694,
  "pass2_ttft_mean_s": 0.4154033362865448,
  "pass1_prompt_tokens": 2694,
  "pass2_prompt_tokens": 2694,
  "gpu_mem_util": 0.75,
  "speedup": 2.7060061097857373,
  "interpretation": "No LMCache: Pass1 ~ Pass2 (sanity check that speedup ~1.0 means LMCache isn't accidentally active)."
}