{
  "backend": "disabled",
  "model": "/home/ficus/llm/models/Qwen/Qwen2___5-14B-Instruct-AWQ",
  "trial_id": 1,
  "model_load_time_s": 14.345272302627563,
  "pass1_total_time_s": 2.5026016235351562,
  "pass2_total_time_s": 1.5575230121612549,
  "pass1_ttfts": [
    0.39410924911499023,
    0.6335632801055908,
    0.632906436920166,
    0.6324005126953125,
    1.4560015201568604,
    1.7433340549468994,
    1.7427890300750732,
    1.7422819137573242
  ],
  "pass2_ttfts": [
    0.019195079803466797,
    0.03299736976623535,
    0.03238821029663086,
    0.03184700012207031,
    0.7891530990600586,
    0.8059852123260498,
    0.8053734302520752,
    0.8048000335693359
  ],
  "pass1_ttft_mean_s": 1.122173249721527,
  "pass2_ttft_mean_s": 0.41521742939949036,
  "pass1_prompt_tokens": 2694,
  "pass2_prompt_tokens": 2694,
  "gpu_mem_util": 0.75,
  "speedup": 2.7026159555596547,
  "interpretation": "No LMCache: Pass1 ~ Pass2 (sanity check that speedup ~1.0 means LMCache isn't accidentally active)."
}