{
  "backend": "disabled",
  "model": "/home/ficus/llm/models/Qwen/Qwen2___5-14B-Instruct-AWQ",
  "trial_id": 0,
  "model_load_time_s": 14.463318824768066,
  "pass1_total_time_s": 2.5011203289031982,
  "pass2_total_time_s": 1.5570826530456543,
  "pass1_ttfts": [
    0.3944242000579834,
    0.6329038143157959,
    0.6321964263916016,
    0.6316771507263184,
    1.4550318717956543,
    1.7411041259765625,
    1.740558385848999,
    1.7400426864624023
  ],
  "pass2_ttfts": [
    0.01901388168334961,
    0.03285384178161621,
    0.03227424621582031,
    0.03175497055053711,
    0.7887158393859863,
    0.8057918548583984,
    0.8051877021789551,
    0.8046243190765381
  ],
  "pass1_ttft_mean_s": 1.1209923326969147,
  "pass2_ttft_mean_s": 0.41502708196640015,
  "pass1_prompt_tokens": 2694,
  "pass2_prompt_tokens": 2694,
  "gpu_mem_util": 0.75,
  "speedup": 2.7010100820063307,
  "interpretation": "No LMCache: Pass1 ~ Pass2 (sanity check that speedup ~1.0 means LMCache isn't accidentally active)."
}