{
  "backend": "disabled",
  "model": "/home/ficus/llm/models/Qwen/Qwen2___5-14B-Instruct-AWQ",
  "trial_id": 0,
  "model_load_time_s": 14.385436773300171,
  "pass1_total_time_s": 2.502876043319702,
  "pass2_total_time_s": 1.556938648223877,
  "pass1_ttfts": [
    0.3956019878387451,
    0.6355090141296387,
    0.6348674297332764,
    0.6343488693237305,
    1.458437442779541,
    1.7443671226501465,
    1.743819236755371,
    1.7432940006256104
  ],
  "pass2_ttfts": [
    0.018632888793945312,
    0.032871246337890625,
    0.03231215476989746,
    0.0317997932434082,
    0.788956880569458,
    0.8059422969818115,
    0.8053462505340576,
    0.8047804832458496
  ],
  "pass1_ttft_mean_s": 1.1237806379795074,
  "pass2_ttft_mean_s": 0.4150802493095398,
  "pass1_prompt_tokens": 2694,
  "pass2_prompt_tokens": 2694,
  "gpu_mem_util": 0.75,
  "speedup": 2.707381620418815,
  "interpretation": "No LMCache: Pass1 ~ Pass2 (sanity check that speedup ~1.0 means LMCache isn't accidentally active)."
}