{
  "backend": "disabled",
  "model": "/home/ficus/llm/models/Qwen/Qwen3-4B-Instruct-2507",
  "trial_id": 1,
  "model_load_time_s": 9.700452327728271,
  "pass1_total_time_s": 1.6148960590362549,
  "pass2_total_time_s": 1.4340894222259521,
  "pass1_ttfts": [
    0.04607701301574707,
    0.11077117919921875,
    0.11018753051757812,
    0.10969781875610352,
    0.8262481689453125,
    0.9153578281402588,
    0.9148285388946533,
    0.9143273830413818
  ],
  "pass2_ttfts": [
    0.024504423141479492,
    0.029386043548583984,
    0.028758525848388672,
    0.028244495391845703,
    0.7280263900756836,
    0.7392997741699219,
    0.7387104034423828,
    0.7381632328033447
  ],
  "pass1_ttft_mean_s": 0.49343693256378174,
  "pass2_ttft_mean_s": 0.38188666105270386,
  "pass1_prompt_tokens": 2694,
  "pass2_prompt_tokens": 2694,
  "gpu_mem_util": 0.7,
  "speedup": 1.292103084207183,
  "interpretation": "No LMCache: Pass1 ~ Pass2 (sanity check that speedup ~1.0 means LMCache isn't accidentally active)."
}