{
  "backend": "disabled",
  "model": "/home/ficus/llm/models/Qwen/Qwen3-4B-Instruct-2507",
  "trial_id": 2,
  "model_load_time_s": 9.701745510101318,
  "pass1_total_time_s": 1.615403175354004,
  "pass2_total_time_s": 1.4341027736663818,
  "pass1_ttfts": [
    0.04549765586853027,
    0.11057114601135254,
    0.1099705696105957,
    0.10946106910705566,
    0.8261914253234863,
    0.9154386520385742,
    0.9148986339569092,
    0.9143812656402588
  ],
  "pass2_ttfts": [
    0.024424314498901367,
    0.029604434967041016,
    0.029135704040527344,
    0.028720378875732422,
    0.7284708023071289,
    0.7399768829345703,
    0.7395012378692627,
    0.7390601634979248
  ],
  "pass1_ttft_mean_s": 0.49330130219459534,
  "pass2_ttft_mean_s": 0.3823617398738861,
  "pass1_prompt_tokens": 2694,
  "pass2_prompt_tokens": 2694,
  "gpu_mem_util": 0.7,
  "speedup": 1.2901429477679967,
  "interpretation": "No LMCache: Pass1 ~ Pass2 (sanity check that speedup ~1.0 means LMCache isn't accidentally active)."
}