{
  "backend": "gpu",
  "model": "/home/ficus/llm/models/Qwen/Qwen2___5-14B-Instruct-AWQ",
  "trial_id": 2,
  "model_load_time_s": 16.72382164001465,
  "pass1_total_time_s": 2.5539557933807373,
  "pass2_total_time_s": 1.56093168258667,
  "pass1_ttfts": [
    0.6226089000701904,
    0.6821897029876709,
    0.6815135478973389,
    0.6810038089752197,
    1.7928709983825684,
    1.800339698791504,
    1.7997939586639404,
    1.7992768287658691
  ],
  "pass2_ttfts": [
    0.03469252586364746,
    0.04129457473754883,
    0.04082298278808594,
    0.04037880897521973,
    0.8091886043548584,
    0.8164718151092529,
    0.8159704208374023,
    0.8155059814453125
  ],
  "pass1_ttft_mean_s": 1.2324496805667877,
  "pass2_ttft_mean_s": 0.426790714263916,
  "pass1_prompt_tokens": 2694,
  "pass2_prompt_tokens": 2694,
  "gpu_mem_util": 0.75,
  "speedup": 2.887714374696244,
  "interpretation": "Pass2 should be faster than Pass1 if LMCache is hitting the cache."
}