{
  "backend": "gpu",
  "model": "/home/ficus/llm/models/Qwen/Qwen2___5-14B-Instruct-AWQ",
  "trial_id": 1,
  "model_load_time_s": 16.44063377380371,
  "pass1_total_time_s": 2.5559678077697754,
  "pass2_total_time_s": 1.5626912117004395,
  "pass1_ttfts": [
    0.6239321231842041,
    0.6839656829833984,
    0.6833207607269287,
    0.6828103065490723,
    1.7954020500183105,
    1.8028512001037598,
    1.8023109436035156,
    1.8017866611480713
  ],
  "pass2_ttfts": [
    0.035787343978881836,
    0.04221677780151367,
    0.04153704643249512,
    0.04097938537597656,
    0.8102085590362549,
    0.817147970199585,
    0.8165347576141357,
    0.8159775733947754
  ],
  "pass1_ttft_mean_s": 1.2345474660396576,
  "pass2_ttft_mean_s": 0.42754867672920227,
  "pass1_prompt_tokens": 2694,
  "pass2_prompt_tokens": 2694,
  "gpu_mem_util": 0.75,
  "speedup": 2.887501548324488,
  "interpretation": "Pass2 should be faster than Pass1 if LMCache is hitting the cache."
}