{
  "backend": "gpu",
  "model": "/home/ficus/llm/models/Qwen/Qwen2___5-14B-Instruct-AWQ",
  "trial_id": 1,
  "model_load_time_s": 16.483715772628784,
  "pass1_total_time_s": 2.5606515407562256,
  "pass2_total_time_s": 1.5617163181304932,
  "pass1_ttfts": [
    0.6282637119293213,
    0.6891036033630371,
    0.6883585453033447,
    0.6878197193145752,
    1.7996883392333984,
    1.8074126243591309,
    1.8068766593933105,
    1.8063504695892334
  ],
  "pass2_ttfts": [
    0.03501582145690918,
    0.04163336753845215,
    0.04104971885681152,
    0.04049324989318848,
    0.8094584941864014,
    0.8164312839508057,
    0.8158421516418457,
    0.8152799606323242
  ],
  "pass1_ttft_mean_s": 1.239234209060669,
  "pass2_ttft_mean_s": 0.4269005060195923,
  "pass1_prompt_tokens": 2694,
  "pass2_prompt_tokens": 2694,
  "gpu_mem_util": 0.75,
  "speedup": 2.9028642308608443,
  "interpretation": "Pass2 should be faster than Pass1 if LMCache is hitting the cache."
}