{
  "backend": "gpu",
  "model": "/home/ficus/llm/models/Qwen/Qwen2___5-14B-Instruct-AWQ",
  "trial_id": 0,
  "model_load_time_s": 16.337020874023438,
  "pass1_total_time_s": 2.5580570697784424,
  "pass2_total_time_s": 1.5615150928497314,
  "pass1_ttfts": [
    0.6266138553619385,
    0.6874330043792725,
    0.6867868900299072,
    0.6862797737121582,
    1.7979583740234375,
    1.805905818939209,
    1.805354118347168,
    1.8048286437988281
  ],
  "pass2_ttfts": [
    0.03521370887756348,
    0.04205513000488281,
    0.041474342346191406,
    0.04093647003173828,
    0.8097991943359375,
    0.8167209625244141,
    0.8161115646362305,
    0.8155472278594971
  ],
  "pass1_ttft_mean_s": 1.2376450598239899,
  "pass2_ttft_mean_s": 0.4272323250770569,
  "pass1_prompt_tokens": 2694,
  "pass2_prompt_tokens": 2694,
  "gpu_mem_util": 0.75,
  "speedup": 2.896890022543974,
  "interpretation": "Pass2 should be faster than Pass1 if LMCache is hitting the cache."
}