{
  "backend": "gpu",
  "model": "/home/ficus/llm/models/Qwen/Qwen2___5-14B-Instruct-AWQ",
  "trial_id": 2,
  "model_load_time_s": 16.422548055648804,
  "pass1_total_time_s": 2.5573339462280273,
  "pass2_total_time_s": 1.5609142780303955,
  "pass1_ttfts": [
    0.6261391639709473,
    0.6863133907318115,
    0.6856555938720703,
    0.685142993927002,
    1.7966337203979492,
    1.8042311668395996,
    1.803680181503296,
    1.8031558990478516
  ],
  "pass2_ttfts": [
    0.03447294235229492,
    0.04111289978027344,
    0.04051661491394043,
    0.03999662399291992,
    0.8085243701934814,
    0.8154258728027344,
    0.8148260116577148,
    0.8142859935760498
  ],
  "pass1_ttft_mean_s": 1.236369013786316,
  "pass2_ttft_mean_s": 0.42614516615867615,
  "pass1_prompt_tokens": 2694,
  "pass2_prompt_tokens": 2694,
  "gpu_mem_util": 0.75,
  "speedup": 2.90128602168856,
  "interpretation": "Pass2 should be faster than Pass1 if LMCache is hitting the cache."
}