{
  "backend": "gpu",
  "model": "/home/ficus/llm/models/Qwen/Qwen2___5-14B-Instruct-AWQ",
  "trial_id": 0,
  "model_load_time_s": 16.51369333267212,
  "pass1_total_time_s": 2.555506944656372,
  "pass2_total_time_s": 1.5625219345092773,
  "pass1_ttfts": [
    0.6240723133087158,
    0.6866805553436279,
    0.6860716342926025,
    0.6855456829071045,
    1.797900915145874,
    1.8063149452209473,
    1.805776596069336,
    1.8052706718444824
  ],
  "pass2_ttfts": [
    0.03554844856262207,
    0.04238581657409668,
    0.04192757606506348,
    0.04150223731994629,
    0.8106584548950195,
    0.8176538944244385,
    0.8171615600585938,
    0.816713809967041
  ],
  "pass1_ttft_mean_s": 1.2372041642665863,
  "pass2_ttft_mean_s": 0.42794397473335266,
  "pass1_prompt_tokens": 2694,
  "pass2_prompt_tokens": 2694,
  "gpu_mem_util": 0.75,
  "speedup": 2.891042373099131,
  "interpretation": "Pass2 should be faster than Pass1 if LMCache is hitting the cache."
}