{
  "backend": "gpu",
  "model": "/home/ficus/llm/models/Qwen/Qwen3-4B-Instruct-2507",
  "trial_id": 0,
  "model_load_time_s": 11.702292442321777,
  "pass1_total_time_s": 1.6238038539886475,
  "pass2_total_time_s": 1.4459419250488281,
  "pass1_ttfts": [
    0.11987638473510742,
    0.1211402416229248,
    0.12055850028991699,
    0.12004256248474121,
    0.9236550331115723,
    0.9298441410064697,
    0.9293134212493896,
    0.9288051128387451
  ],
  "pass2_ttfts": [
    0.037261009216308594,
    0.04259371757507324,
    0.04213571548461914,
    0.04171466827392578,
    0.7511613368988037,
    0.7569851875305176,
    0.7565081119537354,
    0.7560675144195557
  ],
  "pass1_ttft_mean_s": 0.5241544246673584,
  "pass2_ttft_mean_s": 0.3980534076690674,
  "pass1_prompt_tokens": 2694,
  "pass2_prompt_tokens": 2694,
  "gpu_mem_util": 0.7,
  "speedup": 1.3167942154715293,
  "interpretation": "Pass2 should be faster than Pass1 if LMCache is hitting the cache."
}