disk,run,nvme,total_samples,active_samples,read_mb_peak,read_mb_mean_active,read_mb_p50_active,read_mb_p99_active,write_mb_peak,write_mb_mean_active,total_read_mb,total_write_mb,r_await_mean_active,r_await_p99_active,rareq_sz_mean_active,rareq_sz_p50_active,aqu_sz_mean_active,aqu_sz_peak,pct_util_mean_active,pct_util_peak,pct_rrqm_mean_active,n_bursts
BIWIN,v3,nvme0n1,92,92,0.0,0.0,0.0,0.0,0.02,0.0002173913043478261,0.0,0.02,0.0013043478260869564,0.010800000000000408,0.6469565217391304,0.0,0.0,0.0,0.0,0.0,0.0,0
WDC,v3,nvme1n1,95,26,1517.38,331.3823076923077,44.974999999999994,1504.815,1.23,0.1426923076923077,8618.78,9.92,0.1753846153846154,0.3625,54.35153846153846,25.810000000000002,0.8015384615384615,3.05,30.08153846153846,83.7,22.175,9
Seagate,v3,nvme2n1,93,2,917.78,500.92499999999995,500.92499999999995,909.4429,4617.38,0.0,1006.0799999999999,19114.73,0.165,0.16990000000000002,119.21000000000001,119.21000000000001,0.685,140.84,34.4,73.4,0.0,1
ZHITAI,v3,nvme3n1,93,7,869.32,144.44285714285715,4.62,824.6499999999996,3650.37,0.0,1014.5600000000001,19121.19,0.72,1.9881999999999993,93.95142857142856,83.38,0.13714285714285715,119.45,12.842857142857143,75.9,0.0,3
BIWIN,g1,nvme0n1,83,4,982.58,251.6125,10.64,953.5687999999998,2680.51,0.365,1007.4100000000001,19818.75,0.1425,0.20879999999999999,69.00750000000001,63.525000000000006,0.1275,287.32,5.745,97.5,40.725,2
WDC,g1,nvme1n1,94,2,733.69,501.015,501.015,729.0365,1994.88,0.0,1007.3000000000001,19802.84,0.225,0.2495,125.07,125.07,0.875,122.12,51.0,93.4,0.0,1
Seagate,g1,nvme2n1,76,76,0.38,0.035394736842105264,0.0,0.2825,1772.1,113.29276315789474,2.69,8610.25,1.115,28.5,20.888815789473686,0.0,0.24828947368421053,4.62,2.2269736842105265,28.8,0.0,0
